First Name,Last Name,E-Mail,Phone Number,Address 1,Address2,City,State,Zip,Country,Comments,Account Number,Taxable
dssad,Smith,bsmith@nowhere.com,585-555-1111,123 Nowhere Street,Apt 4,Awesome,NY,11111,USA,Awesome guy,,y
asdsad,Smith,bsmith@nowhere.com,585-555-1112,124 Nowhere Street,Apt 5,Awesome,NY,11112,USA,Awesome guy,,y
Bob,Smith,bsmith@nowhere.com,585-555-1113,125 Nowhere Street,Apt 6,Awesome,NY,11113,USA,Awesome guy,,y
yj,Smith,bsmith@nowhere.com,585-555-1114,126 Nowhere Street,Apt 7,Awesome,NY,11114,USA,Awesome guy,,y
ukfyulkrl,Smith,bsmith@nowhere.com,585-555-1115,127 Nowhere Street,Apt 8,Awesome,NY,11115,USA,Awesome guy,,y
gfjhgkjt,Smith,bsmith@nowhere.com,585-555-1116,128 Nowhere Street,Apt 9,Awesome,NY,11116,USA,Awesome guy,,y
fhggf,Smith,bsmith@nowhere.com,585-555-1117,129 Nowhere Street,Apt 10,Awesome,NY,11117,USA,Awesome guy,,y
Bobfsdf,Smith,bsmith@nowhere.com,585-555-1118,130 Nowhere Street,Apt 11,Awesome,NY,11118,USA,Awesome guy,,y
gfhgfh,Smith,bsmith@nowhere.com,585-555-1119,131 Nowhere Street,Apt 12,Awesome,NY,11119,USA,Awesome guy,,y
fykfg,Smith,bsmith@nowhere.com,585-555-1120,132 Nowhere Street,Apt 13,Awesome,NY,11120,USA,Awesome guy,,y
hk,Smith,bsmith@nowhere.com,585-555-1121,133 Nowhere Street,Apt 14,Awesome,NY,11121,USA,Awesome guy,,y
fgkf,Smith,bsmith@nowhere.com,585-555-1122,134 Nowhere Street,Apt 15,Awesome,NY,11122,USA,Awesome guy,,y
fhffh,Smith,bsmith@nowhere.com,585-555-1123,135 Nowhere Street,Apt 16,Awesome,NY,11123,USA,Awesome guy,,y
tyjy,Smith,bsmith@nowhere.com,585-555-1124,136 Nowhere Street,Apt 17,Awesome,NY,11124,USA,Awesome guy,,y
kgdhk,Smith,bsmith@nowhere.com,585-555-1125,137 Nowhere Street,Apt 18,Awesome,NY,11125,USA,Awesome guy,,y
Bob,Smith,bsmith@nowhere.com,585-555-1126,138 Nowhere Street,Apt 19,Awesome,NY,11126,USA,Awesome guy,,y
gjgjgfj,Smith,bsmith@nowhere.com,585-555-1127,139 Nowhere Street,Apt 20,Awesome,NY,11127,USA,Awesome guy,,y
dhjt,Smith,,585-555-1128,140 Nowhere Street,Apt 21,Awesome,NY,11128,USA,Awesome guy,,y
yjy,Smith,,585-555-1129,141 Nowhere Street,Apt 22,Awesome,NY,11129,USA,Awesome guy,,y
jd,Smith,,585-555-1130,142 Nowhere Street,Apt 23,Awesome,NY,11130,USA,Awesome guy,,y
jhjjy,Smith,,585-555-1131,143 Nowhere Street,Apt 24,Awesome,NY,11131,USA,Awesome guy,,y
hjhgj,Smith,,585-555-1132,144 Nowhere Street,Apt 25,Awesome,NY,11132,USA,Awesome guy,,y
ghj,Smith,,585-555-1133,145 Nowhere Street,Apt 26,Awesome,NY,11133,USA,Awesome guy,,y
yj,Smith,,585-555-1134,146 Nowhere Street,Apt 27,Awesome,NY,11134,USA,Awesome guy,,y
djd,Smith,,585-555-1135,147 Nowhere Street,Apt 28,Awesome,NY,11135,USA,Awesome guy,,y
